id;app_id;description;client_id;samples;status;date_created;date_modified;rider_id;rider_name;destination;cluster_client_id;temperature_origin;temperature_destination;is_modified_by_hub;is_modified_by_facility;is_modified_by_laboratory;is_modified_by_courrier;created_by;created_date;last_modified_by;last_modified_date
1;Mouse Villages;Account Jamaican;Congolese Plains;../fake-data/blob/hipster.txt;Belarussian plum Loan;Applications Secured Generic;Architect Distributed;Programmable Accountability Terrace;Iran Garden auxiliary;experiences multi-tasking Tasty;bleeding-edge hybrid mesh;human-resource Crossing Lilangeni;Music Handmade;true;true;false;false;red;2021-10-14T14:16:51;Table Intranet methodical;2021-10-15T05:08:34
2;Square bypass Gorgeous;matrix synthesize Pound;Valley;../fake-data/blob/hipster.txt;wireless Account;Cloned invoice generate;productize;state;synthesizing Orchestrator Principal;Tools withdrawal;Home Shoes;Bacon;Baby override;true;false;false;false;functionalities Pizza Table;2021-10-14T20:47:54;payment frame azure;2021-10-15T06:54:07
3;Mandatory;transmitting Agent Bulgaria;Forward Licensed;../fake-data/blob/hipster.txt;architectures Berkshire;Multi-lateral;Handcrafted;Bedfordshire;virtual Chips Lead;array;Outdoors Home Multi-layered;Web;e-services iterate;true;false;false;true;withdrawal Gorgeous;2021-10-14T22:25:39;Peso Movies User-centric;2021-10-14T14:06:43
4;Forward front-end red;red Strategist;Avon;../fake-data/blob/hipster.txt;Cambridgeshire transition;Georgia Product JBOD;Shilling payment;Jersey parsing;Enterprise-wide Customer EXE;cross-platform calculating Agent;digital one-to-one collaboration;Loan architecture;systems;false;true;false;true;Tuna;2021-10-14T23:52:44;program Handmade d'Ivoire;2021-10-15T02:46:17
5;Designer Stream firewall;boliviano;Incredible deposit;../fake-data/blob/hipster.txt;convergence capacity Consultant;scalable Italy;Response Shoes;Lakes area Product;Island;Direct Mission Swaziland;Exclusive haptic;Grass-roots Managed Loan;RAM Berkshire;true;true;false;false;Organized Pre-emptive bypass;2021-10-14T18:00:26;Market;2021-10-15T02:06:34
6;Supervisor Steel XSS;Pants;Berkshire Agent;../fake-data/blob/hipster.txt;Avon Wooden Investor;Groves benchmark purple;parse generating Fork;Practical HDD pink;intuitive Handmade Optimization;regional Ghana;redundant parsing International;stable orange;digital;false;false;true;true;Implementation;2021-10-15T00:35:14;middleware clicks-and-mortar Lead;2021-10-14T20:20:13
7;transform Computers Connecticut;Handcrafted Tenge National;Jersey partnerships;../fake-data/blob/hipster.txt;complexity B2C Flats;Orchestrator Chips;white Reduced;Integration;Shirt;bypass Somoni Kansas;hierarchy Handmade Brand;multi-byte Bedfordshire;Ohio;false;false;false;false;morph wireless;2021-10-15T07:13:25;1080p;2021-10-15T08:10:14
8;Incredible Berkshire;high-level;Street;../fake-data/blob/hipster.txt;Fantastic Directives haptic;Wyoming;Car;override;wireless monitor whiteboard;Hills;Clothing;port Mississippi;Soft;true;false;true;false;Dam Chief Rubber;2021-10-14T18:51:06;Integrated e-enable payment;2021-10-14T20:24:53
9;success Engineer;model Cambridgeshire supply-chains;HTTP SCSI;../fake-data/blob/hipster.txt;robust Account;Facilitator;Spur;Islands Cove;Pants Rubber Regional;Latvian;Accounts;Branding mint;modular;true;false;false;true;connecting Senior;2021-10-15T03:33:04;hack;2021-10-14T10:06:25
10;XML Re-contextualized bus;circuit Cambridgeshire;US Practical ivory;../fake-data/blob/hipster.txt;Awesome;Taka Licensed;Home;quantifying;Granite;User-centric e-enable;holistic;workforce action-items;matrix encompassing;true;false;true;true;Baby;2021-10-14T10:30:25;Small;2021-10-14T23:27:13
